_source_id,Socio,Tipo de empresa,Tipo de socio,Pub./Priv.,Socio Estratégico,Prog. Inversión,Fecha ult. act.,Link a ficha/deck,Inversores,Etapa startup,Año constitución,Inversion recibida,Inversion buscada,Meses valle,Nivel de participación,Regiones interés actual,Regiones interés futuro,Cadena de valor,Resumen actividad,Fecha inicio fondos,Tamaño fondos,Min ticket,Max ticket,Fases enfoque,Regiones enfoque,Startups en portfolio,Interés en tecnologías,Interés en ámbitos,Interés en sectores,Cifra de negocio,Num. de empleados,Exportación,CNAE
0,2EyesVision,Startup o Spinoff,Socio,privado,0,1,,https://secpho.sharepoint.com/:b:/s/secphoteam2/IQCbjASu8aopS7W5x3mTgg3QAa4UaEdZrIRPYS2QBbYG1HM?e=05N6xq,,Serie A,03/07/2015,7500000,5000000,,Nuevo,"NE Asiático, SE Asiático, Norteamérica, Sudamérica, Australia y Oceanía",,Fabricación de sistemas,"Investigación, desarrollo y comercialización de tecnologías innovadoras en oftalmología",,,,,,,,,,,"240.997,00 €",17,100 %,7211
1,5SKILL SOLUTIONS,Pyme tecnológica,Socio,privado,,0,,,,,25/06/2015,,,,Nuevo,,,Ingeniería e integración,"Actvidades de programacion informatica, consultorias, gestion de recursos..",,,,,,,,,,,"569.237,00 €",19,0 %,6203
2,Abertis,End User o Coporate,OIC,privado,,0,,,,,24/02/1967,,,,No definido,,,Usuario final,"Operador de referencia internacional en la gestión de vías de alta capacidad, calidad y soluciones inteligentes de movilidad.",,,,,,,,,,,No definido,N/A,N/A,N/A
3,Adara Ventures,Inversores y gestoras de VC o PE,Potencial,,0,1,,,,,,,,,No definido,,,No definido,,17/03/2025,100000000,250000,2500000,"Pre-semilla, Semilla",Europa,45,Ciberseguridad y Cloud Computing; Microelectrónica y Semiconductores; Sistemas de Comunicación y Transmisión de Datos,Energía limpia y eficiente; Salud y bienestar,Espacio; Medioambiente; Salud; Sector energético,No definido,N/A,N/A,N/A
4,ADDICRAFT ENGINEERING,Startup o Spinoff,Socio,privado,0,1,,,,Serie A,07/04/2025,10.000,100.000,,Nuevo,,"América Central y Caribe, Sudamérica, África, Oriente Medio, Asia Central y Meridional",Ingeniería e integración,Optimización Topológica para la industria,,,,,,,,,,,"0,00 €",2,0 %,N/A
5,AIMEN Centro Tecnológico,Centro o Grupo de I+D+i,Socio,privado,,0,,,,,08/08/1967,,,,No definido,Europa,Sudamérica,I+D,Centro de I+D y transferencia tecnológica,,,,,,,,,,,"8.866.138,63 €",285,7 %,7112
6,AINIA,Centro o Grupo de I+D+i,Socio,privado,,0,,,,,03/12/1987,,,,Poco activo,,,Transferencia de tecnología,Centro tecnológico que promueve la innovación tecnológica de las empresas para mejorar su competitividad,,,,,,,,,,,"21.177.000,00 €",260,20 %,7219
7,Air Drone Logistics,Micropyme tecnológica,Socio,privado,0,0,,,,Semilla,24/09/2020,0,0,,Nuevo,,,Distribución,Servicios de inventario de almacén con drones,,,,,,,,,,,"85.919,72 €",2,N/A,8301
8,Airbus Defence&Space,End User o Coporate,OIC,privado,,0,,,,,02/03/1923,,,,No definido,,,Usuario final,Espacio,,,,,,,,,,,No definido,N/A,N/A,N/A
9,Alba Synchrotron,Centro o Grupo de I+D+i,Socio,publico,0,0,,,,,14/03/2003,,,,Nuevo,"Norteamérica, Europa, NE Asiático","Europa, Norteamérica",I+D,Centro I+D,,,,,,,,,,,"18.000.000,00 €",260,55 %,8411
10,Aleatica,End User o Coporate,OIC,privado,,0,,,,,27/11/2000,,,,No definido,,,Usuario final,"Movilidad inteligente, segura y sostenible. Aleatica es un operador puro de infraestructura de transporte, de origen australiano, con presencia en Europa y América Latina",,,,,,,,,,,No definido,N/A,N/A,N/A
11,Alter Technology,Gran Empresa tecnológica,Socio,privado,0,0,,,,,10/06/1999,,,,Inactivo,,,Ingeniería e integración,"Pyme: mediana empresa, pero consolida cuentas con el grupo y se considera gran empresa a efectos de subvenciones. Ingeniería",,,,,,,,,,,"52.961.988,00 €",260,85 %,7112
12,AMS Technologies,Pyme tecnológica,Socio,privado,,0,,,,,01/08/2001,,,,Poco activo,,,"Distribución, Ingeniería e integración",Distribución de componentes fotónicos / Fabricación chillers y lasers,,,,,,,,,,,"1.871.262,00 €",3,30 %,4619
13,Analog thinking,Startup o Spinoff,Socio,privado,,1,,,,Pre-semilla,17/03/2023,,525000,,No definido,"Norteamérica, Europa, SE Asiático",,Ingeniería e integración,Diseño de circuitos integrados,,,,,,,,,,,No definido,3,90 %,N/A
14,Angulas Aguinaga,End User o Coporate,OIC,privado,0,0,,,,,01/11/1974,,,,No definido,,,Usuario final,Actividades de investigación,,,,,,,,,,,"1.169.000,00 €",12,N/A,806
15,Aotech,Startup o Spinoff,Socio,privado,0,1,,https://secpho.sharepoint.com/:b:/s/secphoteam2/IQB7UicfhjvBS4zefJ60RiBUARgtutCeANiNdXh78wMf5B8?e=fLrj4e,,,21/02/2019,,1200000,,Nuevo,Europa,Europa,Fabricación de sistemas,Desarrollo de soluciones fotónicas aplicadas a procesos industriales,,,,,,,,,,,"100.000,00 €",4,5 %,7112
16,ArcelorMittal,End User o Coporate,Socio,privado,0,0,,,,,25/06/2006,,,,No definido,,,Usuario final,I+D+i,,,,,,,,,,,"1.309.128,00 €",15,0 %,2452
17,Asabys Partners,Inversores y gestoras de VC o PE,Potencial,,0,1,30/03/2026,,,,,,,,No definido,,,No definido,Gestora de fondos de VC especializados en Biotech y healthtech,01/01/2023,180000000,7000000,10000000,"Serie A, Serie B",Europa,10,,Salud y bienestar,Salud,No definido,N/A,N/A,N/A
18,ASENSE,Pyme tecnológica,Socio,privado,0,1,03/03/2026,https://secpho.sharepoint.com/:b:/s/secphoteam2/IQBRyCdA64WOT7a7x01Moqp1ASQHNmdA2P-QzeRwv8ma0EA?e=1AuYZO,,,02/06/2011,,2000000,,Nuevo,"Norteamérica, Europa","América Central y Caribe, NE Asiático, SE Asiático, Asia Central y Meridional",Ingeniería e integración,Ingeniería de desarrollo y producción en serie de sistemas ópticos avanzados,,,,,,,,,,,"218.671.147,00 €",25,89 %,N/A
19,ASINCAR,Centro o Grupo de I+D+i,Socio,privado,0,0,,,,,01/01/1977,,,,No definido,,,I+D,Centro tecnológico agroalimentario,,,,,,,,,,,"795.422,73 €",27,0 %,7490
20,AsorCAD Engineering,Pyme tecnológica,Socio,privado,,0,,,,,02/03/2006,,,,Activo,,,Ingeniería e integración,"Distribuidores Stratasys  Creaform y Geomagic. Servicios de escaneado 3D, ingeniería inversa y metrología",,,,,,,,,,,"1.400.000,00 €",14,5 %,7112
21,Axon Partners Group,Inversores y gestoras de VC o PE,Potencial,privado,0,0,,,,,,,,,No definido,,,No definido,Gestora de fondos de VC ,07/02/2025,250000000,,,"Serie B, Expansión",Europa,,Ciberseguridad y Cloud Computing,Acción climática y medio ambiente; Energía limpia y eficiente; Salud y bienestar,Medioambiente; Salud; Seguridad,No definido,N/A,N/A,N/A
22,Backfund,Inversores y gestoras de VC o PE,Potencial,privado,0,0,,,,,,,,,No definido,,,No definido,Gestora de fondos de VC especializados en tecnología,,35000000,100000,500000,"Pre-semilla, Semilla",Europa,,,,,No definido,N/A,N/A,N/A
23,BANCO SABADELL BStartup10,Inversores y gestoras de VC o PE,Potencial,privado,0,0,07/04/2026,,,,,,,,No definido,,,No definido,,,,,200.000,Pre-semilla,Europa,,Inteligencia Artificial y datos; Tecnologías Cuánticas; Todas,Acción climática y medio ambiente; Salud y bienestar,Todos,No definido,N/A,N/A,N/A
24,Baux,End User o Coporate,OIC,privado,0,0,,,,,17/05/2000,,,,No definido,,,Usuario final,Grupo industrial dedicado a la producción y lacado de aluminio,,,,,,,,,,,No definido,N/A,N/A,N/A
25,BBraun,End User o Coporate,OIC,,0,0,,,,,10/03/1955,,,,No definido,,,Usuario final,,,,,,,,,,,,No definido,N/A,N/A,N/A
26,BBVA,End User o Coporate,OIC,privado,0,0,,,,,28/05/1857,,,,No definido,,,Usuario final,,,,,,,,,,,,No definido,N/A,N/A,N/A
27,bcb,Pyme tecnológica,Socio,privado,0,0,,,,,06/08/1996,,,,Activo,"Europa, Sudamérica, Norteamérica, Oriente Medio","Norteamérica, Europa, Sudamérica, Oriente Medio",Ingeniería e integración,"Termografía para aplicaciones científicas e industriales, y distribuidores (e integradores) de FLIR",,,,,,,,,,,"569.072,02 €",7,30 %,6201
28,Beamagine,Micropyme tecnológica,Socio,privado,,0,,,,,10/06/2016,,,,Nuevo,,,Fabricación de sistemas,Fabricación e integración de sistemas multimodales basados en lídar. Percepción 2D+3D basada en IA.,,,,,,,,,,,"450.631,57 €",5,32 %,7490
29,Beawre,Startup o Spinoff,Socio,privado,0,0,,,,Semilla,01/02/2019,,0,,Nuevo,,,Fabricación de sistemas,Desarrollo de Software para control continuo de riesgos,,,,,,,,,,,"450.000,00 €",7,25 %,6201
30,Big Sur Ventures,Inversores y gestoras de VC o PE,Socio,privado,0,1,,,,Serie A,05/12/2018,,,,Nuevo,,,Inversores,GESTORA REGULADA POR CNMV DE FONDOS DE CAPITAL RIESGO,,60000000,1000000,3000000,Serie A,Europa,52,Fotónica; Microelectrónica y Semiconductores; Tecnologías Cuánticas,Energía limpia y eficiente,Sector energético,No definido,N/A,N/A,6430
31,BIOBEE semiconductors,Startup o Spinoff,Socio,privado,0,1,,https://secpho.sharepoint.com/:b:/s/secphoteam2/IQANdtZ4DCs_RJ_ZBvQu_DeYARqAfDtaQazEvKmX_9I3c54?e=KHNgIK,,Pre-semilla,30/08/2012,,2500000,,Nuevo,"Europa, Sudamérica, América Central y Caribe","Europa, Norteamérica",Fabricación de componentes,Fabless de semiconductores de bioimpedancia con un ASIC analógico propio patentado.,,,,,,,,,,,"201.995,00 €",3,50 %,7211
32,Biyiud,Startup o Spinoff,Socio,privado,0,1,,,,Pre-semilla,21/06/2021,140000,500000,,Nuevo,,,I+D,Servicios digitales para incentivar la producción y el consumo sostenibles,,,,,,,,,,,"10.000,00 €",6,0 %,6201
33,Blind Faith Ventures,Inversores y gestoras de VC o PE,Potencial,N/A,,,,,,,,,,,No definido,,,Inversores,N/A,,,,,,,,,,,No definido,N/A,N/A,N/A
34,BSH,End User o Coporate,OIC,privado,,0,,,,,18/01/1984,,,,Nuevo,,,Usuario final,Gran Empresa. Usuario final.,,,,,,,,,,,"1.534.950.000,00 €",4401,54 %,2751
35,Bullnet Capital,Inversores y gestoras de VC o PE,Socio,privado,0,1,,,,Serie A,04/07/2002,,,,Nuevo,,,Inversores,INVERSOR,01/01/2022,80000000,1000000,3000000,"Pre-semilla, Semilla, Serie A",,15,Fotónica; Microelectrónica y Semiconductores,,,"1.088.480,11 €",6,20 %,6499
36,CalSens,Pyme tecnológica,Socio,privado,0,0,,,,,09/08/2013,,,,Inactivo,,"Europa, Sudamérica, Norteamérica",Fabricación de componentes,Smart monitoring systems for structures and processes,,,,,,,,,,,"666,92 €",14,20 %,7112
37,Cargill,End User o Coporate,OIC,,0,0,,,,,17/05/2001,,,,No definido,,,Usuario final,,,,,,,,,,,,No definido,N/A,N/A,N/A
38,CAT UAV,Pyme tecnológica,Socio,privado,0,0,,,,,09/03/2009,,,,No definido,"Europa, SE Asiático, NE Asiático, África, Oriente Medio, Sudamérica, Australia y Oceanía",,Fabricación de sistemas,Diseño y fabricación de drones,,,,,,,,,,,No definido,12,70 %,3030
39,CCL Label,End User o Coporate,OIC,privado,0,0,,,,,15/03/1991,,,,No definido,,,Usuario final,Gran empresa,,,,,,,,,,,"4.800.000.000,00 €",20000,N/A,N/A
40,CD6 - UPC,Centro o Grupo de I+D+i,Socio,publico,,0,,,,,01/03/1971,,,,Believer,Sudamérica,Norteamérica,I+D,Centro transferencia tecnológica,,,,,,,,,,,"1.200.000,00 €",50,4 %,8543
41,CDTI,Entidades Públicas e Instituciones,Socio,privado,1,0,,,,,,,,,Nuevo,,,Transferencia de tecnología,"El Centro para el Desarrollo Tecnológico y la Innovación, CDTI E.P.E. es una empresa pública dependiente del Ministerio de Ciencia, Innovación y Universidades, cuyo objetivo es la promoción de la innovación tecnológica en el ámbito empresarial. La misión del CDTI es conseguir que el tejido empresarial español genere y transforme el conocimiento científico-técnico en crecimiento globalmente competitivo, sostenible e inclusivo. En 2025, en el marco del Plan Estratégico 2024-2027, el CDTI proporcionó más de 2.000 millones de euros de apoyo a empresas y startups españolas.",,,,,,,,,,,"1.817.000.000,00 €",365,0 %,N/A
42,CEIT,Centro o Grupo de I+D+i,Socio,publico,0,0,,,,,09/09/1982,,,,Believer,,,Transferencia de tecnología,Centro Transferencia tecnológica,,,,,,,,,,,"11.000.000,00 €",225,20 %,721
43,Celsa,End User o Coporate,Socio,privado,,0,,,,,01/01/1967,,,,Nuevo,,,Usuario final,Gran empresa. Grupo siderúrgico,,,,,,,,,,,"832.840.000,00 €",836,N/A,2452
44,CEMDATIC - UPM,Centro o Grupo de I+D+i,Socio,publico,,0,,,,,01/01/1971,,,,Nuevo,,,I+D,Educación e Investigación,,,,,,,,,,,No definido,6,0 %,8543
45,CIMNE,Centro o Grupo de I+D+i,Socio,publico,0,0,,,,,01/01/1987,,,,Nuevo,,,"I+D, Transferencia de tecnología",Investigación Científica y Técnica,,,,,,,,,,,"14.471.890,00 €",178,68 %,478525678
46,Clave Capital,Inversores y gestoras de VC o PE,Potencial,,1,1,,,,,,,,,No definido,,,No definido,Entidad de Capital Riesgo,,100000000,,,Serie A,,90,,Industria 4.0; Salud y bienestar,Fabricación industrial; Salud,No definido,N/A,N/A,N/A
47,CODORNIU,End User o Coporate,OIC,privado,0,0,,,,,01/01/1551,,,,No definido,,,Usuario final,Gran empresa,,,,,,,,,,,"172.206.130,00 €",442,N/A,N/A
48,Coherent España,Gran Empresa tecnológica,Socio,privado,0,0,,,,,29/12/2023,,,,Activo,,,Distribución,"Distribuidor de aparatos de tipo óptico y materiales eléctricos y electrónicos, el diseño, ensamblaje y comercialización de equipos láser. ",,,,,,,,,,,"8.300.000,00 €",35,20 %,165450
49,Continental Automotive Spain,End User o Coporate,OIC,privado,0,0,,,,,07/01/1959,,,,No definido,,,Usuario final,Grupo automovilístico,,,,,,,,,,,"296.040.898,00 €",850,N/A,N/A
50,COVAP,End User o Coporate,Socio,privado,0,0,,,,,01/01/2015,,,,Nuevo,,,Usuario final,Agroalimentario,,,,,,,,,,,"200.000.000,00 €",N/A,N/A,1054
51,CRB Health Tech,Inversores y gestoras de VC o PE,Potencial,,0,1,,,,,,,,,No definido,,,No definido,,,50000000,500000,1500000,"Semilla, Serie A",Europa,,,Salud y bienestar,Salud,No definido,N/A,N/A,N/A
52,CVBLab,Centro o Grupo de I+D+i,Socio,publico,0,0,,,,,19/06/1987,,,,Nuevo,,,I+D,Inteligencia artificial aplicada,,,,,,,,,,,"500.000,00 €",25,50 %,8543
53,CVC,Centro o Grupo de I+D+i,Socio,publico,0,0,,,,,01/06/1981,,,,Believer,,,"I+D, Transferencia de tecnología",Centro I+D y transferencia tecnológica,,,,,,,,,,,"2.177.838,00 €",38,0 %,7219
54,DeepTech Builder,Inversores y gestoras de VC o PE,Baja,privado,0,1,,https://secpho.sharepoint.com/:b:/s/secphoteam2/IQCw0zKjUBGCTb4YDrJ8M3pwAT_GASlx22IGL8DW9ZTQWPk?e=ep9app,,Pre-semilla,,,3000000,,Nuevo,,"Europa, Sudamérica, América Central y Caribe",Transferencia de tecnología,DeepTech Venture Building,11/11/2025,3000000,30000,250000,Pre-semilla,Europa,0,Biotecnología; Inteligencia Artificial y datos; Materiales Avanzados,"Acción climática y medio ambiente; Agricultura, bosques y océanos; Energía limpia y eficiente; Gestión de la innovación; Salud y bienestar; Seguridad alimentaria",Agroalimentación; Industria química; Medioambiente; Sector farmacéutico,"20.251.111,00 €",2,0 %,N/A
55,Delvy,Micropyme tecnológica,Socio,privado,,0,,,,,10/02/2016,,,,No definido,"Europa, Sudamérica",,I+D,Despacho de abogados para emprendedores y abogados para startups,,,,,,,,,,,No definido,N/A,N/A,6910
56,"Demea Sustainable Investments, S.A.",Inversores y gestoras de VC o PE,Potencial,,0,0,,,,,,,,,No definido,,,No definido,,,,,,,,,,,,No definido,N/A,N/A,N/A
57,Deneb Medical,Micropyme tecnológica,Socio,privado,0,0,,,,,19/03/2014,,,,Nuevo,,,I+D,Investigación y desarrollo experimental en biotecnología,,,,,,,,,,,"0,00 €",16,0 %,7211
58,Diip Artificial Intelligence,Startup o Spinoff,Socio,privado,0,0,,,,Semilla,27/10/2023,0,0,,Nuevo,,,Fabricación de sistemas,ACTIVIDADES DE PROGRAMACIÓN INFORMÁTICA,,,,,,,,,,,"30.000,00 €",2,0 %,6201
59,Draco Systems,Micropyme tecnológica,Socio,privado,0,0,,,,,13/01/2004,,,,Nuevo,,,Ingeniería e integración,Servicios Integrales de Ingeniería Electrónica,,,,,,,,,,,"1.400.000,00 €",10,5 %,7112
60,Dronomy,Startup o Spinoff,Socio,privado,0,0,,,,,19/05/2021,,0,,Nuevo,,,Fabricación de sistemas,Desarrollo de sistemas robóticos autónomos,,,,,,,,,,,"16.138,00 €",2,N/A,6209
61,EASO VENTURES SCR,Inversores y gestoras de VC o PE,Socio,privado,0,1,,,,,,,,,Nuevo,,,Inversores,"Venture Capital. Inversión en empresas españolas con fuerte componente tecnológico en fases Preseed, Seed y Serie A",04/01/2026,50000000,100.000,2.000000,"Pre-semilla, Semilla, Serie A",Europa,37,Todas,"Energía limpia y eficiente; Industria 4.0; Movilidad inteligente; New Space, defensa y seguridad; Seguridad alimentaria; Smart cities",Todos,"4.000.000,00 €",19,0 %,N/A
62,Elewit,Inversores y gestoras de VC o PE,Potencial,,0,0,,,,,,,,,No definido,,,No definido,Corporate Venture,01/01/2024,,500000,2000000,"Semilla, Serie A",,9,,Energía limpia y eficiente; Movilidad inteligente,Sector energético,No definido,N/A,N/A,N/A
63,Encomenda,Inversores y gestoras de VC o PE,Potencial,,0,0,,,,,,,,,No definido,,,No definido,,,40000000,100000,500000,"Pre-semilla, Semilla, Serie A",Europa,,,,,No definido,N/A,N/A,N/A
64,Eurecat,Centro o Grupo de I+D+i,Socio,publico,0,0,,,,,01/01/2014,,,,Nuevo,,,"I+D, Transferencia de tecnología",Centro I+D y transferencia tecnológica,,,,,,,,,,,"13.394.683,08 €",558,22.7 %,7219
65,Evlox,End User o Coporate,OIC,privado,,0,,,,,01/01/1846,,,,Nuevo,,,Usuario final,Industrial Textil,,,,,,,,,,,"46.000.000,00 €",520,95 %,842
66,EXOM engineering,Startup o Spinoff,Socio,privado,0,1,,https://secpho.sharepoint.com/:b:/s/secphoteam2/IQBoD5Yv-JhuQaF4nyBy2mSGAe2dqP-CeRwJpUR9118fwk4?e=RRJb9W,,Pre-semilla,30/10/2018,0,3000000,,Believer,,,"Fabricación de componentes, Fabricación de sistemas, Ingeniería e integración","Fabricación de maquinaria, componentes, software y electrónica de control y monitorización para procesos de fabricación avanzada.",,,,,,,,,,,"15.000,00 €",9,90 %,2841
67,Fagor Automation,Gran Empresa tecnológica,Socio,privado,1,0,,,,,,,,,Nuevo,"Norteamérica, NE Asiático, SE Asiático, Europa","Norteamérica, América Central y Caribe, NE Asiático, SE Asiático, Europa",Fabricación de componentes,Desarrollo y fabricación de productos de automatización y control para máquina-herramienta y otros sectores,,,,,,,,,,,"80.000.000,00 €",500,90 %,N/A
68,Fides Capital,Inversores y gestoras de VC o PE,Potencial,,0,0,,,,,,,,,No definido,,,No definido,,,,,,,,,,,,No definido,N/A,N/A,N/A
69,FOSSA Systems,Pyme tecnológica,Socio,privado,0,1,,,,Serie A,13/07/2020,6300000,15000000,,Nuevo,,,"Fabricación de sistemas, Ingeniería e integración","Diseño, desarrollo y operación de constelaciones de satélites LEO habilitando soluciones IoT de bajo consumo para la gestión remota de activos.",,,,,,,,,,,"990.000,00 €",35,50 %,3030
70,Frit Ravich,End User o Coporate,OIC,privado,,0,,,,,01/03/1974,,,,No definido,,,Usuario final,,,,,,,,,,,,"302.000.000,00 €",968,N/A,N/A
71,Fujitsu,Gran Empresa tecnológica,Socio,privado,0,0,,,,,07/06/2002,,,,Nuevo,,,Ingeniería e integración,TIC y Servicios Tecnológicos,,,,,,,,,,,"259.351.000,00 €",1543,0 %,6209
72,FUNDACIÓN GENERAL CSIC,Centro o Grupo de I+D+i,Socio,privado,0,0,,,,,,,,,Nuevo,Europa,Europa,Transferencia de tecnología,"La FGCSIC se constituye con la misión fundamental de cooperar con el Consejo Superior de Investigaciones Científicas (CSIC) en la ejecución de actividades de investigación e innovación en colaboración con todos los integrantes del sistema de ciencia e innovación que se consideren oportunos. En particular, su objetivo principal consiste en la captación y gestión de recursos, activos y financiación públicos y privados para el desarrollo de iniciativas público-privadas en el CSIC y otras entidades públicas o privadas de I+D+i / I+i, vinculadas a las funciones que tienen encomendadas. Igualmente, serán fines de la FGCSIC la realización y/o gestión de actividades de investigación, desarrollo e innovación, así como el apoyo a la generación de conocimiento científico o tecnológico, o la asistencia para facilitar su aplicación y transferencia en cualquier forma.",,,,,,,,,,,"82.231,00 €",15,0 %,N/A
73,Fundación Idonial,Centro o Grupo de I+D+i,Socio,privado,,0,,,,,01/01/2019,,,,Nuevo,,,"I+D, Transferencia de tecnología",Centro Tecnológico,,,,,,,,,,,"9.000.000,00 €",160,0 %,7219
74,GPAINNOVA,Pyme tecnológica,Socio,privado,,0,,,,,16/07/2013,,,,Nuevo,,,Fabricación de sistemas,grupo de empresas tecnológicas especializada en maquinaria industrial,,,,,,,,,,,"15.000.000,00 €",180,70 %,2899
75,Graphenea,Pyme tecnológica,Socio,privado,0,0,,,,,09/04/2010,,,,Nuevo,,,Fabricación de componentes,Graphene foundry,,,,,,,,,,,"3.088.000,00 €",24,98 %,7219
76,Greenlight Solutions,Micropyme tecnológica,Socio,privado,0,0,,,,,15/09/2019,,,,Nuevo,,,Fabricación de sistemas,Diseño óptico. Suministro de componentes. Formación en diseño óptico con Zemax. ,,,,,,,,,,,"843.218,00 €",5,5 %,7112
77,Grupo Elecnor,End User o Coporate,OIC,,0,0,,,,,,,,,No definido,,,Usuario final,,,,,,,,,,,,No definido,N/A,N/A,N/A
78,Grupo Oesía,Gran Empresa tecnológica,Socio,privado,0,0,,,,,07/10/2016,,,,Nuevo,"Norteamérica, Sudamérica, NE Asiático, Australia y Oceanía, Europa, Oriente Medio, África",SE Asiático,Fabricación de sistemas,"Grupo Oesía somos una multinacional española de ingeniería digital e industrial de uso dual.  Desarrollamos productos y soluciones con el compromiso de crear un futuro en el que la tecnología responda a los retos del planeta y sus habitantes.  En nuestra apuesta por la hiperespecialización actuamos a través de 5 marcas: Oesía Networks para transformación digital; Tecnobit para tecnologías de vanguardia en visión inteligente, simulación y comunicaciones tácticas y seguras; Cipherbit para ciberseguridad y comunicaciones seguras (cifra); UAV Navigation para sistemas de guiado, navegación y control para vehículos aéreos no tripulados; e Inster para comunicaciones satelitales terrestres, navales, aéreas y espaciales.",,,,,,,,,,,"256.089.000,00 €",3600,29 %,N/A
79,Hamamatsu Photonics,Gran Empresa tecnológica,Socio,privado,0,0,,,,,21/03/1997,,,,Believer,"Europa, NE Asiático, SE Asiático, Norteamérica",,"Distribución, Fabricación de componentes",Distribuidor.,,,,,,,,,,,"3.500.000,00 €",6,0 %,4774
80,Hasten Ventures,Inversores y gestoras de VC o PE,Potencial,privado,0,1,,,,,,,,,No definido,,,Inversores,"Venture Builder especializado en Deeptech. Más de 12 años de experiencia en la creación, lanzamiento y escalado de nuevos negocios de base científico-tecnológica provenientes de universidades y centros tecnológicos. Inversión en los proyectos a través del pledge fund HASTEN KAPITAL",,1500000,50000,250000,"Pre-semilla, Semilla",Europa,8,Fotónica; Microelectrónica y Semiconductores,Salud y bienestar,Salud,No definido,N/A,N/A,N/A
81,HIMIKODE,Startup o Spinoff,Socio,privado,0,1,,,,,15/11/2018,895000,1000000,,Nuevo,,,Fabricación de sistemas,"Digitalización del canal HORECA mediante soluciones tecnológicas basadas en IoT, Big Data e IA para la industria alimentaria que opera en ese canal.",,,,,,,,,,,"51.665,00 €",6,0 %,6209
82,Hospital Clínic de Barcelona,Centro o Grupo de I+D+i,OIC,publico,,0,,,,,22/12/1906,,,,No definido,,,Usuario final,Hospital General,,,,,,,,,,,"514.778,00 €",4635,0 %,8610
83,Hospital Germans Trias i Pujol,Centro o Grupo de I+D+i,OIC,publico,0,0,,,,,14/04/1983,,,,No definido,,,Usuario final,Sanidad,,,,,,,,,,,"200.000.000,00 €",7766,N/A,N/A
84,HP,End User o Coporate,OIC,privado,,0,,,,,01/01/1939,,,,Nuevo,,,Usuario final,Printing and Computing,,,,,,,,,,,"729.387.000,00 €",2328,98 %,2620
85,ICF CAPITAL,Inversores y gestoras de VC o PE,Potencial,,0,0,,,,,,,,,No definido,,,No definido,,,,,,,,,,,,No definido,N/A,N/A,N/A
86,ICFO,Centro o Grupo de I+D+i,Socio,privado,,0,,,,,01/01/2002,,,,Believer,"Europa, NE Asiático, SE Asiático, Norteamérica",,"I+D, Transferencia de tecnología",Centro I+D y transferencia tecnológica,,,,,,,,,,,"18.000.000,00 €",300,0 %,7219
87,ICMAB - CSIC,Centro o Grupo de I+D+i,Socio,publico,0,0,,,,,01/01/1986,,,,Nuevo,"Europa, SE Asiático, NE Asiático","Norteamérica, Australia y Oceanía",I+D,"I+D, Transferencia de tecnología",,,,,,,,,,,"15.000.000,00 €",400,0 %,7219
88,ICMM,Entidades Públicas e Instituciones,Socio,privado,0,0,,,,,25/04/2007,,,,Nuevo,,,I+D,"Centrado en el diseño, síntesis y caracterización de nuevos materiales para aplicaciones tecnológicas",,,,,,,,,,,"20.800.000,00 €",380,0 %,N/A
89,IKERLAN,Centro o Grupo de I+D+i,Socio,privado,0,0,,,,,01/01/1974,,,,Nuevo,,,Transferencia de tecnología,"IKERLAN es un centro tecnológico cooperativo de investigación aplicada y transferencia de tecnología, orientado a mejorar la competitividad de la industria mediante soluciones avanzadas. Forma parte de MONDRAGON, y desarrolla tecnologías clave en digitalización, electrónica, IA, energía y sistemas industriales en colaboración con empresas y programas europeos.",,,,,,,,,,,"33.000.000,00 €",400,5 %,N/A
90,Imasenic,Micropyme tecnológica,Socio,privado,0,0,,,,,05/04/2017,,,,Nuevo,"Europa, NE Asiático, Norteamérica, Asia Central y Meridional","Norteamérica, Europa, NE Asiático, Australia y Oceanía, Asia Central y Meridional, Oriente Medio","Fabricación de componentes, Ingeniería e integración",Diseño de sensores CMOS de imagen,,,,,,,,,,,"2.500.000,00 €",17,90 %,2732
91,IMB-CNM,Centro o Grupo de I+D+i,Socio,publico,0,0,,,,,01/01/1985,,,,No definido,Sudamérica,Norteamérica,I+D,Centro I+D,,,,,,,,,,,"4.600.000,00 €",207,N/A,N/A
92,IN2UB,Centro o Grupo de I+D+i,Socio,publico,,0,,,,,01/01/1980,,,,Poco activo,,,"I+D, Ingeniería e integración, Transferencia de tecnología","Polarimetric characterization, novel photonic structures and devices fabrication, photonic characterization.",,,,,,,,,,,"5.900.000,00 €",110,0 %,7219
93,INBROOLL,Micropyme tecnológica,Socio,privado,,0,,,,,08/02/2013,,,,Nuevo,,,Ingeniería e integración,Servicios de ingeniería,,,,,,,,,,,"2.959.357,00 €",22,10 %,7112
94,INDO,Pyme tecnológica,Socio,privado,0,0,,,,,01/09/1971,,,,No definido,Europa,"Sudamérica, África, Oriente Medio",Fabricación de componentes,Indo fabrica y comercializa lentes oftálmicas desde 1937. Además es distribuidor de equipos de optometría y oftalmología,,,,,,,,,,,"50.000.000,00 €",270,5 %,2670
95,INMA-CSIC,Entidades Públicas e Instituciones,Socio,publico,0,0,,,,,,,,,Nuevo,,,I+D,INESTIGACIÓN Y DESARROLLO,,,,,,,,,,,"500,00 €",300,0 %,N/A
96,Inmersia,Micropyme tecnológica,Socio,privado,,1,,,,Serie A,22/07/2020,3500000,30000000,,Nuevo,,,Fabricación de sistemas,Actividades de programación informática y fabricación de productos electrónicos de consumo,,,,,,,,,,,"0,00 €",2,0 %,6201
97,Instituto de Óptica (CSIC),Centro o Grupo de I+D+i,Socio,publico,,0,,,,,01/01/1946,,,,No definido,,,I+D,Centro I+D y transferencia tecnológica,,,,,,,,,,,"1.000.000,00 €",70,0 %,7219
98,Invivo Capital,Inversores y gestoras de VC o PE,Potencial,,0,1,,,,Serie A,,,,,No definido,,,No definido,"fondo de capital riesgo especializado en proyectos early-stage del sector salud: biotecnología, dispositivos médicos y salud digital. ",,70000000,,,Serie A,,,,,,No definido,N/A,N/A,N/A
99,IOVI Intelligent Vision,Micropyme tecnológica,Socio,privado,,1,,,,,27/07/2018,820000,1300000,,Activo,,,Fabricación de sistemas,Visión Artificial Inteligente,,,,,,,,,,,"350.000,00 €",7,0 %,2670
100,iPronics,Pyme tecnológica,Socio,privado,0,1,,,,,10/12/2019,,,,Nuevo,,,Fabricación de sistemas,Pioneros en el campo de la fotónica definida por software; primer conmutador óptico multiusos.,,,,,,,,,,,"554.538,00 €",39,56.32 %,6201
101,IRTA,Centro o Grupo de I+D+i,Socio,,0,0,,,,,28/11/1985,,,,Nuevo,,,I+D,"L’IRTA es una empresa pública de la Generalitat de Catalunya, regulada per la Llei 4/2009 de 15 d’abril del Parlament (BOE de 23 d’abril de 2009) que te com a finalitats contribuir a la modernització, a la millora i l’impuls de la competitivitat; al desenvolupament sostenible dels sectors agrari, alimentari, agroforestal, aqüícola i pesquer, i també dels directament o indirectament relacionats amb el proveïment d’aliments sans i de qualitat als consumidors finals; a la seguretat alimentària i a la transformació dels aliments, i, en general, a la millora del benestar i la salut de la població.",,,,,,,,,,,"18.590.241,00 €",920,0 %,N/A
102,Kadans Science Partner,Pyme tecnológica,Socio,privado,0,0,,,,,30/01/2023,,,,Nuevo,,,I+D,Construccion y gestion de espacios para laboratorios e infraestructuras de I+D,,,,,,,,,,,No definido,N/A,N/A,6420
103,KD,Pyme tecnológica,Socio,privado,0,1,,https://secpho.sharepoint.com/:b:/s/secphoteam2/IQB2EEb5kj2qRrQJgWd4Tv27AS9xSy7av7537-_GQn6JZZM?e=nBVGD7,,Serie B,12/03/2010,,20000000,,Believer,"Europa, NE Asiático, Norteamérica","Norteamérica, Europa, NE Asiático",I+D,"KDPOF desarrolla, fabrica y comercializa sistemas microelectrónicos de comunicaciones ópticas para entornos adversos",,,,,,,,,,,"4.000.000,00 €",50,100 %,2611
104,Laboratorios HARTMANN,End User o Coporate,OIC,privado,0,0,,,,,14/05/1961,,,,No definido,,,Usuario final,,,,,,,,,,,,No definido,N/A,N/A,N/A
105,LAINTEC,Centro o Grupo de I+D+i,Socio,privado,0,0,,,,,14/03/1989,,,,Nuevo,,,I+D,Iluminación de Emergencia,,,,,,,,,,,"170.000,00 €",24,0 %,936.000
106,Laser Line Scanning,Startup o Spinoff,Socio,privado,0,1,,,,,21/09/2022,,,,No definido,,,Ingeniería e integración,"Tratamientos láser de superficies sector cerámico, vidrio y metales",,,,,,,,,,,No definido,1,50 %,7112
107,Lecta,End User o Coporate,OIC,privado,,0,,,,,14/03/2000,,,,No definido,,,Usuario final,,,,,,,,,,,,"1.486.000.000,00 €",3205,N/A,N/A
108,Leitat,Centro o Grupo de I+D+i,Socio,privado,,0,,,,,01/01/1906,,,,Activo,"África, Oriente Medio, Sudamérica, Europa","Norteamérica, SE Asiático, NE Asiático",I+D,Centro I+D,,,,,,,,,,,"17.000.000,00 €",240,0 %,N/A
109,Lenz Instruments,Micropyme tecnológica,Socio,privado,,0,,,,,14/12/2011,,,,Nuevo,,,Fabricación de sistemas,Sistemas de inspección avanzada,,,,,,,,,,,"410.000,00 €",8,0 %,2893
110,LIDAX,Pyme tecnológica,Socio,privado,0,0,,,,,11/01/2000,,,,No definido,,,Ingeniería e integración,"Lidax es una empresa tecnológica especializada en ingeniería espacial. Sus actividades abarcan desde el diseño conceptual hasta la realización, pasando por la integración y las pruebas, tanto para satélites como para instrumentación astronómica (OGSE y MGSE).",,,,,,,,,,,"2.162.818,00 €",12,N/A,3030
111,Lubrizol,Gran Empresa tecnológica,OIC,privado,0,0,,,,,,,,,Nuevo,,,Usuario final,,,,,,,,,,,,"51.531.930,00 €",124,89 %,2042
112,LVD Biotech,Gran Empresa tecnológica,Socio,privado,0,0,,,,,07/09/2010,,,,No definido,,,"Fabricación de componentes, Fabricación de módulos, Fabricación de sistemas, I+D, Ingeniería e integración, Transferencia de tecnología, Usuario final","Desarrollo, fabricación y comercialización de dispositivos médicos y terapias avanzadas para el tratamiento de enfermedades cardiovasculares.",,,,,,,,,,,"70.000.000,00 €",450,86.50 %,3250
113,LÚCID,Pyme tecnológica,Baja Solicitada,privado,0,0,,,,,11/07/2013,,,,Nuevo,,,Ingeniería e integración,"Lúcid es una agencia de diseño estratégico e innovación dedicada al desarrollo de productos, servicios y experiencias de triple impacto. Su enfoque se basa en la combinación de diferentes capacidades: la investigación de usuario, el design thinking, la dinamización de la creatividad, el diseño industrial, la ingeniería y el desarrollo de producto y  el diseño digital para generar soluciones people and planet centric. ",,,,,,,,,,,"1.751.377,00 €",19,N/A,7112
114,Macsa ID,Pyme tecnológica,Socio,privado,,0,,,,,03/02/1983,,,,Nuevo,"Europa, Sudamérica, NE Asiático, SE Asiático","Norteamérica, África, Oriente Medio","Distribución, Fabricación de componentes, I+D, Ingeniería e integración",Fabricación de maquinaria,,,,,,,,,,,"37.397.624,00 €",123,40 %,2829
115,Mahou san Miguel,Inversores y gestoras de VC o PE,Potencial,,0,0,,,,,,,,,No definido,,,No definido,,,,,,,,,,,,No definido,N/A,N/A,N/A
116,MAIMAN ELECTRONICS,Startup o Spinoff,Socio,privado,,0,,,,,09/08/2023,,0,,No definido,,,Fabricación de módulos,"Laser Diode Drivers, Laser Diode Modules, PIC controllers and TEC controllers ",,,,,,,,,,,No definido,N/A,N/A,N/A
117,Mapsi Photonics,Startup o Spinoff,Socio,privado,0,1,,https://secpho.sharepoint.com/:b:/s/secphoteam2/IQAhDzNoSNUkT40VNpDvvvzJATwOalHUHExQrIfbQIilnh8?e=X36gpo,Bullnet Capital,Serie A,18/06/2021,2000000,4000000,,Nuevo,"Europa, NE Asiático",NE Asiático,Fabricación de componentes,Fabricación de filtros infrarrojos,,,,,,,,,,,"10.020,00 €",6,30 %,2670
118,MASENSE TECH,Startup o Spinoff,Socio,privado,0,0,,,,Semilla,,25000,1000000,,Nuevo,,,Ingeniería e integración,"MASENSE TECH desarrolla sensores inteligentes y soluciones de monitorización en tiempo real para infraestructuras eléctricas, especialmente centros de transformación, permitiendo capturar, procesar y analizar datos críticos. Su tecnología integra edge computing y analítica avanzada para habilitar mantenimiento predictivo, mejorar la eficiencia operativa y reducir riesgos en la red eléctrica.",,,,,,,,,,,"250.000,00 €",4,0 %,N/A
119,Master in Photonics - Europhotonics,Centro o Grupo de I+D+i,Socio,publico,,0,,,,,01/03/1971,,,,Poco activo,,,I+D,Master. Formación.,,,,,,,,,,,"265.000.000,00 €",4000,0 %,8543
120,MiCos Iberia,Micropyme tecnológica,Socio,privado,0,0,,,,,10/10/2006,,,,Nuevo,Europa,Europa,Distribución,Venta de productos y sistemas en el campo de posicionamiento de precisión y tecnología piezoeléctrica ,,,,,,,,,,,"1.924.164,00 €",3,0 %,6593
121,Micrauto,Micropyme tecnológica,Socio,privado,0,0,,,,,22/03/1995,,,,Nuevo,,,Fabricación de sistemas,Fabricación equipos hidraulicos y electrónicos,,,,,,,,,,,"1.600.000,00 €",9,37 %,2899
122,Monocrom,Pyme tecnológica,Socio,privado,0,0,,,,,06/07/1993,,,,Believer,,,Fabricación de sistemas,Fabricante,,,,,,,,,,,"8.500.000,00 €",53,64 %,2611
123,Mundi Ventures,Inversores y gestoras de VC o PE,Potencial,,0,1,,,,,,,,,No definido,,,No definido,Gestora de fondos de VC especializados en cleantech y deep tech,05/02/2026,750000000,15000000,40000000,"Serie B, Expansión","Norteamérica, Sudamérica, América Central y Caribe, NE Asiático, SE Asiático, Asia Central y Meridional, Australia y Oceanía, Europa",,,Acción climática y medio ambiente; Gestión de la innovación,Medioambiente,No definido,N/A,N/A,N/A
124,Nabla Vision,Startup o Spinoff,Socio,publico,0,1,,,,Semilla,19/11/2019,0,1000000,,Nuevo,"África, Oriente Medio, Norteamérica","NE Asiático, SE Asiático, Sudamérica",Distribución,Soluciones de percepción 3D. Fusión tecnologías de visión y LiDAR.,,,,,,,,,,,No definido,2,N/A,2651
125,Nanoker,Pyme tecnológica,Socio,privado,0,0,,,,,26/03/2009,,,,Nuevo,"Norteamérica, Europa",NE Asiático,Fabricación de componentes,Desarrollo y fabricación de materiales para tecnologías Deep Tech,,,,,,,,,,,"2.476.241,00 €",26,74 %,N/A
126,Nanophotonics Technology Center,Centro o Grupo de I+D+i,Socio,privado,,0,,,,,11/03/1971,,,,Nuevo,,"NE Asiático, SE Asiático","I+D, Transferencia de tecnología",,,,,,,,,,,,"2.000.000,00 €",50,50 %,N/A
127,Navantia,End User o Coporate,OIC,publico,,0,,,,,03/03/2005,,,,No definido,,,Usuario final,,,,,,,,,,,,No definido,N/A,N/A,N/A
128,Nestlé,End User o Coporate,OIC,privado,0,0,,,,,01/01/1866,,,,No definido,,,Usuario final,,,,,,,,,,,,"1.930.000.000,00 €",335000,N/A,N/A
129,New Infrared Technologies,Micropyme tecnológica,Socio,privado,,0,,,,,21/09/2005,,,,Poco activo,"Europa, NE Asiático, SE Asiático, Norteamérica, Australia y Oceanía","África, Oriente Medio","Fabricación de módulos, Fabricación de sistemas",Pyme: microempresa. Fabricante.,,,,,,,,,,,"692.334,00 €",6,85 %,3299
130,NIMBLE Diagnostics,Startup o Spinoff,Socio,privado,0,1,09/04/2026,https://secpho.sharepoint.com/:b:/s/secphoteam2/IQCEVeXwiLRfS7fogjz2UrvJAZJl1Z4t89HsZyko19nPTTo?e=t9abOL,Namarel Ventures; Grow Venture Partners; Intempo Ventures; Next Gen Ventures II; BA syndicate,Semilla,15/03/2022,1030000,12000000,,Nuevo,,,Fabricación de sistemas,Desarrollo de equipo médico de diagnóstico basado en microondas,,,,,,,,,,,"0,00 €",10,0 %,2660
131,Northern Waves AB,Startup o Spinoff,Socio,privado,0,0,,,,Semilla,01/01/1970,500000,0,,Nuevo,,,Fabricación de sistemas,Fabricación avanzada para telecomunicaciones,,,,,,,,,,,"200.000,00 €",6,80 %,7112
132,Nulab,Startup o Spinoff,Socio,privado,,1,,,,Serie B,30/12/2019,300000,300000,,Nuevo,,,"I+D, Ingeniería e integración",,,,,,,,,,,,"0,00 €",2,0 %,7490
133,Ocean Ecostructures,Startup o Spinoff,Socio,privado,0,0,,,"Seven Seas Capital, con la participación de Ship2B Ventures e Inclimo Tech Fund",,30/12/2019,3000000,0,,Activo,,,Ingeniería e integración,,,,,,,,,,,,No definido,N/A,N/A,N/A
134,Ommatidia Lidar,Startup o Spinoff,Socio,privado,0,1,,,,Serie A,27/07/2018,4000000,6000000,,No definido,Asia Central y Meridional,,Fabricación de sistemas,Sistemas de sensado remoto e imagen con medida de rango,,,,,,,,,,,"637.489,96 €",20,92 %,2651
135,OPTOSIGMA,Gran Empresa tecnológica,Socio,privado,0,0,,,,,01/04/2014,,,,Nuevo,"Europa, Oriente Medio","Europa, Oriente Medio",Fabricación de componentes,Components and optical subsystem manufacturing,,,,,,,,,,,"5.000.000,00 €",16,100 %,3313
136,Pal Robotics,Pyme tecnológica,Socio,privado,0,0,,,,,,,,,Nuevo,,,Fabricación de sistemas,"PAL Robotics diseña y desarrolla robots humanoides y móviles avanzados para mejorar la calidad de vida y la eficiencia en sectores como la investigación, la industria, la salud y la logística .",,,,,,,,,,,"9.000.000,00 €",97,83 %,7490
137,Palex Scientific,Gran Empresa tecnológica,Socio,privado,0,0,,,,,01/08/2014,,,,Nuevo,Europa,Europa,Distribución,Distribución instrumentación cientifica,,,,,,,,,,,"48.000,00 €",134,0 %,N/A
138,Photonics Research Labs,Centro o Grupo de I+D+i,Socio,publico,0,0,,,,,08/11/2018,,,,Nuevo,,,"I+D, Transferencia de tecnología",Investigación académica,,,,,,,,,,,"140.000,00 €",35,0 %,8543
139,PONTI & PARTNERS,Pyme tecnológica,Socio,privado,0,0,,,,,30/12/2010,,,,Nuevo,,,"Distribución, Fabricación de componentes, Fabricación de módulos, Fabricación de sistemas, I+D, Ingeniería e integración, Transferencia de tecnología, Usuario final",Servicios estrategicos de propiedad Industrial e Intelectual,,,,,,,,,,,"6.000.000,00 €",50,50 %,6831
140,ProCareLight,Micropyme tecnológica,Socio,privado,0,0,,,,,15/01/2013,,,,Activo,,,Ingeniería e integración,Pyme: microempresa. Ingeniería,,,,,,,,,,,"98.928,00 €",3,0 %,N/A
141,Promsa,End User o Coporate,OIC,privado,0,0,,,,,12/05/2006,,,,No definido,,,Usuario final,,,,,,,,,,,,"62.448.000,00 €",197,N/A,N/A
142,QPO,Startup o Spinoff,Socio,privado,0,1,,https://secpho.sharepoint.com/:b:/s/secphoteam2/IQCVcetrf1KwQIBO2PxB4RRiAYSdhp7mlsMSEtQQJWbWtgc?e=FP72B7,,,02/04/2019,440000,10000000,,Poco activo,Europa,"Norteamérica, NE Asiático, SE Asiático",Ingeniería e integración,"Quality Photonic Optics (QPO) revoluciona la industria con un proceso de encapsulado de seguridad y óptico de circuitos electrónicos, microelectrónica y fotónica patentado para las telecomunicaciones, defensa y automoción.",,,,,,,,,,,"600.000,00 €",8,1 %,N/A
143,Qurv Technologies,Startup o Spinoff,Socio,privado,0,1,,,,Semilla,10/07/2020,0,6000000,,Nuevo,,,Fabricación de módulos,"Design, development, fabrication and sales of products, components and devices, methods and consultancy services, research and development related to wide spectrum sensors and imaging systems.",,,,,,,,,,,"475.000,00 €",9,100 %,7490
144,Quside,Micropyme tecnológica,Socio,privado,0,1,24/04/2026,https://secpho.sharepoint.com/:b:/s/secphoteam2/IQBT-lPBFn1_T6Ah_rMtuDplAbqx0aBslpaCALGBus-Ekjg?e=I8THv0,,Serie B,04/09/2017,15000000,10000000,,Nuevo,,,Fabricación de módulos,Desarrollo de componentes cuánticos y fotonicos para ciber-seguridad y super-computación,,,,,,,,,,,"376.000,00 €",47,75 %,2611
145,Radiantis,Micropyme tecnológica,Socio,privado,0,0,,,,,06/07/2005,,,,Believer,"Norteamérica, Europa, NE Asiático, Asia Central y Meridional","NE Asiático, Norteamérica, Europa",Fabricación de sistemas,Fabricante,,,,,,,,,,,"1.012.920,00 €",9,90 %,7219
146,rbz,Pyme tecnológica,Socio,privado,0,0,,,,,26/01/2004,,,,Nuevo,"Europa, Norteamérica, Sudamérica, América Central y Caribe","Norteamérica, Sudamérica","Fabricación de módulos, I+D, Ingeniería e integración, Transferencia de tecnología",El objetivo de RBZ es diseñar y fabricar equipos electrónicos avanzados.,,,,,,,,,,,"4.344.106,00 €",38,20 %,7112
147,Recursos Laser,Micropyme tecnológica,Socio,privado,,0,,,,,28/04/2016,,,,Nuevo,,,Distribución,,,,,,,,,,,,"50.000,00 €",1,10 %,4690
148,Repsol,End User o Coporate,OIC,privado,0,0,,,,,12/11/1986,,,,No definido,,,Usuario final,,,,,,,,,,,,"56.298.000.000,00 €",25000,N/A,N/A
149,Robotnik,Pyme tecnológica,Socio,privado,0,1,27/04/2026,https://secpho.sharepoint.com/:b:/s/secphoteam2/IQA8LFEKSeJSRIXwF-8duQ8xAamVhvJzl7QXRekc1MxsFPY?e=cd2bAR,,Serie A,27/05/2002,,15000000,,No definido,"NE Asiático, SE Asiático, Europa",Norteamérica,I+D,Diseño y fabricación de robots y manipuladores móviles,,,,,,,,,,,No definido,78,15 %,7112
150,Roca,End User o Coporate,OIC,privado,0,0,,,,,01/01/1917,,,,No definido,,,Usuario final,,,,,,,,,,,,"490.759.000,00 €",990,N/A,N/A
151,Rosepetal,Startup o Spinoff,Socio,privado,0,1,03/03/2026,https://gamma.app/docs/Pitch-Deck-2025-Your-Quality-Control-Guru-opyi5vxlofg964d?mode=doc,,Semilla,23/09/2021,390000,800000,,Nuevo,,,Fabricación de sistemas,Desarrollo de software con IA,,,,,,,,,,,"200.000,00 €",8,20 %,6209
152,Rumbo Ventures,Inversores y gestoras de VC o PE,Potencial,,0,1,,,,,,,,,No definido,,,No definido,,,,250000,1000000,"Pre-semilla, Semilla, Serie A",,,,Acción climática y medio ambiente; Energía limpia y eficiente,Agroalimentación; Medioambiente,No definido,N/A,N/A,N/A
153,SAIKARIS,Startup o Spinoff,Socio,privado,0,0,,,,Pre-semilla,,3000,0,,Nuevo,,,Ingeniería e integración,Consultoria operativa y estratégica Lean Six Sigma,,,,,,,,,,,"0,00 €",1,0 %,N/A
154,SEAT,End User o Coporate,OIC,privado,,0,,,,,09/05/1950,,,,No definido,,,Usuario final,,,,,,,,,,,,"9.991.000.000,00 €",14627,N/A,N/A
155,SENER,End User o Coporate,OIC,privado,0,0,,,,,01/01/1956,,,,No definido,,,Usuario final,,,,,,,,,,,,"407.556.000,00 €",6000,N/A,N/A
156,Sens Solutions,Startup o Spinoff,Socio,privado,0,1,27/04/2026,https://secpho.sharepoint.com/:b:/s/secphoteam2/IQD-kd1OTsIoQ6hNSenVFwjMAT6f69V0tXsKvnDLc-zIM9Q?e=u5Mnbp,SETT (pone el 49%),,01/03/2016,0,1500000,,Nuevo,,,I+D,,,,,,,,,,,,No definido,N/A,N/A,N/A
157,Sensofar Medical,Micropyme tecnológica,Socio,privado,,0,,,,,03/05/2012,,,,Nuevo,,,"Fabricación de sistemas, I+D","Diseño, producción y comercialización de equipos de inspección óptica para dispositivos médicos implantables",,,,,,,,,,,"750.000,00 €",8,95 %,2670
158,Sensofar Metrology,Pyme tecnológica,Socio,privado,,0,,,,,16/03/2001,,,,Believer,,,Fabricación de sistemas,Pyme: pequeña empresa. Fabricante.,,,,,,,,,,,"7.315.692,00 €",30,95 %,2611
159,SETT,Inversores y gestoras de VC o PE,Partner,,0,1,,,,,,,,,No definido,,,No definido,,,,,,,,,,,,No definido,N/A,N/A,N/A
160,shinephi,Startup o Spinoff,Socio,privado,0,0,,,,Pre-semilla,29/07/2025,800000,0,,Nuevo,,,Fabricación de componentes,shinephi develops add-on imagers that transform standard optical systems into high precision metrology tools for semiconductor manufacturing and nanofabrication (shinephi desarrolla módulos de imagen acoplables que transforman sistemas ópticos estándar en herramientas de metrología de alta precisión para la fabricación de semiconductores y la nanofabricación),,,,,,,,,,,"0,00 €",2,0 %,N/A
161,Ship2B Ventures,Inversores y gestoras de VC o PE,Potencial,,0,0,,,,,,,,,No definido,,,No definido,,,,,,,,,,,,No definido,N/A,N/A,N/A
162,singular things,Startup o Spinoff,Socio,privado,0,1,,,,Serie A,29/06/2018,300000,2500000,,Nuevo,,,Ingeniería e integración,"Micro-electrónica, IoT, Edge-Computing, AIoT",,,,,,,,,,,No definido,7,20 %,2640
163,SISTAM,Startup o Spinoff,Socio,privado,0,1,,https://secpho.sharepoint.com/:b:/s/secphoteam2/IQAYlFkRmBorS5ZL6HbsQnUUAbCpXGLc6mOyAWkfzshuKmc?e=Kl1fzx,,Semilla,25/11/2021,77000,1695000,,Nuevo,,,I+D,"Sistema de monitorización avanzado, compacto y portátil, para infraestructuras civiles",,,,,,,,,,,"40.000,00 €",1,N/A,7112
164,Solar MEMS Technologies,Pyme tecnológica,Socio,privado,0,0,,,,,,,,,Nuevo,"Norteamérica, NE Asiático, Europa","Sudamérica, Oriente Medio",Fabricación de sistemas,"Desarrollo de sistemas ópticos avanzados para navegación, orientación y posicionamiento en los sectores Espacial, Defensa y otros ámbitos de alta tecnología",,,,,,,,,,,"4.560.246,00 €",51,99 %,N/A
165,Standard Profil,End User o Coporate,OIC,privado,,0,,,,,05/10/1931,,,,Nuevo,,,Usuario final,Gran Empresa. Usuario final.,,,,,,,,,,,"139.532.000,00 €",500,45 %,2932
166,Star Robotics,Micropyme tecnológica,Socio,privado,0,1,,,,Serie A,14/04/2016,2300000,2500000,,Nuevo,"Norteamérica, Sudamérica, Europa","Oriente Medio, África",Fabricación de sistemas,"Diseño, fabricación e integración de robots autónomos de vigilancia e inspección",,,,,,,,,,,"737.752,00 €",21,60 %,N/A
167,Stimulo,Pyme tecnológica,Socio,privado,0,0,,,,,28/07/2003,,,,Nuevo,"NE Asiático, Asia Central y Meridional, Oriente Medio, Norteamérica","Norteamérica, SE Asiático, Australia y Oceanía, Sudamérica",I+D,Agencia de diseño e innovación de productos,,,,,,,,,,,"500,00 €",12,20 %,7112
168,Subsea Mechatronics,Startup o Spinoff,Socio,privado,0,1,,,,Semilla,16/06/2015,0,2000000,,Nuevo,"Europa, África, Asia Central y Meridional",,Fabricación de sistemas,"Desarrollo de sistemas de sensorización remota: IOT y ROVs. Robótica, hardware y software.",,,,,,,,,,,"200.000,00 €",5,50 %,7112
169,Suma Capital,Inversores y gestoras de VC o PE,Potencial,,0,1,,,,Semilla,,,,,No definido,,,No definido,Entidad de Capital Riesgo enfocada en medioambiente,,210000000,5000000,15000000,"Semilla, Serie B, Expansión",,,,Acción climática y medio ambiente,Medioambiente,No definido,N/A,N/A,N/A
170,Swanlaab Venture Factory,Inversores y gestoras de VC o PE,Potencial,,0,0,,,,,,,,,No definido,,,No definido,Gestora de fondos de VC,01/06/2023,45000000,500000,3000000,"Semilla, Serie A",Europa,,,Seguridad alimentaria,Agroalimentación,No definido,N/A,N/A,N/A
171,t2c,Pyme tecnológica,Socio,privado,,0,,,,,05/02/2004,,,,No definido,,,Ingeniería e integración,"Analítica Avanzada, Business Intelligence, Desarrollo, Gestión de Sistemas IT, Integración y Administración SAP",,,,,,,,,,,"6.000.000,00 €",N/A,N/A,N/A
172,Tecnalia,Centro o Grupo de I+D+i,Socio,privado,,0,,,,,04/06/1998,,,,Believer,Europa,,Transferencia de tecnología,Centro Transferencia tecnológica,,,,,,,,,,,"100.000.000,00 €",1400,10 %,7219
173,TEKHNĒ,Startup o Spinoff,Socio,privado,0,1,27/02/2026,https://secpho.sharepoint.com/:b:/s/secphoteam2/IQBJVMpDJ5OeQohEvAJib6WmAe1We2nRAhr7lZHnMjuqZ7Q?e=sgDBeD,,Semilla,20/09/2019,0,800000,,No definido,,,Fabricación de módulos,Diseño de productos hardware electrónicos innovadores,,,,,,,,,,,No definido,N/A,N/A,N/A
174,Tekniker,Centro o Grupo de I+D+i,Socio,privado,0,0,,,,,01/06/1995,,,,Believer,,,Transferencia de tecnología,Centro Transferencia tecnológica,,,,,,,,,,,"21.000.000,00 €",300,1 %,7211
175,Telefónica,End User o Coporate,OIC,privado,,0,,,,,19/04/1924,,,,No definido,,,Usuario final,,,,,,,,,,,,"16.187.000.000,00 €",122718,N/A,N/A
176,Thales Alenia Space España,Gran Empresa tecnológica,Socio,,0,0,,,,,18/11/1988,,,,Nuevo,"Norteamérica, Sudamérica, NE Asiático, Europa, Oriente Medio","SE Asiático, Australia y Oceanía, Norteamérica, Sudamérica",Fabricación de sistemas,"Desarrollo de misiones, sistemas, subsistemas y equipos en el sector espacial.",,,,,,,,,,,"86.000.000,00 €",436,80 %,N/A
177,TMB,End User o Coporate,OIC,publico,,0,,,,,06/10/2004,,,,No definido,,,Usuario final,,,,,,,,,,,,"50.000.000,00 €",7834,N/A,N/A
178,TRADEBE,End User o Coporate,OIC,,0,0,,,,,03/03/1986,,,,No definido,,,Usuario final,,,,,,,,,,,,No definido,N/A,N/A,N/A
179,UAB,Centro o Grupo de I+D+i,Socio,publico,0,0,,,,,06/06/1968,,,,Activo,,,"I+D, Transferencia de tecnología",,,,,,,,,,,,"104.234.872,00 €",5394,N/A,N/A
180,UDIT,Centro o Grupo de I+D+i,Socio,privado,0,0,,,,,17/05/2004,,,,Nuevo,,,I+D,Universidad Privada Oficial de Diseño,,,,,,,,,,,"26.000.000,00 €",155,0 %,8543
181,UPV - EHU,Centro o Grupo de I+D+i,Socio,publico,,0,,,,,01/01/1973,,,,Nuevo,,,I+D,Centro I+D y transferencia tecnológica,,,,,,,,,,,"200.000,00 €",11,0 %,7219
182,Velcro,End User o Coporate,OIC,privado,0,0,,,,,21/02/1959,,,,No definido,,,Usuario final,FABRICACIÓN DE PAPELES PINTADOS,,,,,,,,,,,"58.636.000,00 €",312,N/A,N/A
183,Vicomtech,Centro o Grupo de I+D+i,Socio,privado,0,0,,,,,21/03/2001,,,,Nuevo,,,I+D,Investigación,,,,,,,,,,,"19.296.700,00 €",284,4.6 %,7219
184,VIGO Ventures,Inversores y gestoras de VC o PE,Potencial,privado,,0,,,,,,,,,No definido,,,Inversores,,,,,,,,,,,,No definido,N/A,N/A,N/A
185,Visiona,Micropyme tecnológica,Socio,privado,0,0,,,,,20/04/2011,,,,Nuevo,"Europa, Asia Central y Meridional, África","Sudamérica, América Central y Caribe, Norteamérica","Fabricación de sistemas, I+D, Ingeniería e integración","Pyme: pequeña empresa. I+D, fabricante sistemas, integrador/ingeniería",,,,,,,,,,,"245.970,00 €",10,90 %,7112
186,VLC Photonics,End User o Coporate,Socio,privado,0,0,,,,,27/07/2011,,,,Nuevo,"Europa, SE Asiático, NE Asiático, Norteamérica",,Ingeniería e integración,Ingeniería para el desarrollo de circuitos integrados fotónicos,,,,,,,,,,,"1.508.000,00 €",27,85 %,7219
187,WA4STEAM,Inversores y gestoras de VC o PE,Potencial,privado,0,1,,,,Semilla,,,,,No definido,,,No definido,Ecosistemas de mujeres business angels inversoras en startups lideradas por mujeres,,,,250000,Pre-semilla,,1,,,,No definido,N/A,N/A,N/A
188,WOOPTIX,Pyme tecnológica,Socio,privado,0,0,,,,,04/09/2014,,,,Nuevo,,,Fabricación de componentes,Equipamiento de semiconductores,,,,,,,,,,,"800.000,00 €",37,100 %,2670
189,YSIUM MEDICAL,Startup o Spinoff,Socio,privado,0,1,20/04/2026,https://secpho.sharepoint.com/:b:/s/secphoteam2/IQB3bn0l1oIORKOcu1FNTz4SAU50JvUQhHtSxWrckM0sUW8?e=AhY3Ju,,Semilla,03/03/2022,850000,1500000,,Activo,,"Europa, América Central y Caribe",I+D,SECTOR SALUD - SIMULADORES MÉDICOS,,,,,,,,,,,"18.870,00 €",9,5 %,N/A
190,Zabala Innovation,Gran Empresa tecnológica,Socio,privado,0,0,,,,,12/11/1992,,,,Nuevo,,,"I+D, Transferencia de tecnología","Gestion integral de la innovación, de ayudas, subvenciones y proyectos de I+D.",,,,,,,,,,,"12.479.155,00 €",184,25 %,7490
191,Zepren Solutions,Startup o Spinoff,Socio,privado,0,0,23/02/2026,,,Serie A,09/11/2021,450000,0,,Poco activo,,,Fabricación de sistemas,Desarrollo de instrumentación optoelectrónica y radar,,,,,,,,,,,"560,00 €",15,59 %,2651
