event_file,event_title_from_file,sheet_name,read_method,source_row_index,first_name,last_name,full_name,full_name_key,email,email_key,company,company_key,role,phone,is_secpho_member_raw,selected_socio_raw,selected_socio_key,comments,source_type,email_match_key,full_name_match_key,company_match_key,selected_socio_match_key,matched_source,matched_person_name,matched_email,matched_socio,matched_socio_key,match_method,match_confidence,matched_to_official_socio,matched_socio_key_check,company_key_check,selected_socio_key_check,matched_socio_is_official,company_is_official,selected_socio_is_official,company_is_known_entity,matched_socio_is_known_entity
'Anticovid Technologies Day_2025-04-25_09-21'.xls,Anticovid Technologies Day,html_table_0,read_html_from_xls,16,Alfredo Edoardo,Ongaro,Alfredo Edoardo Ongaro,alfredoedoardoongaro,alfredo.ongaro@icfo.eu,alfredoongaroicfoeu,ICFO,icfo,Post Doc,644494899,no,,,"postdoc at icfo, optoelectronic.desarolando flow citometry y microfluidica",registration,alfredo.ongaro@icfo.eu,alfredoedoardoongaro,icfo,,suscriptores_normalized,Alfredo Edoardo Ongaro,alfredo.ongaro@icfo.eu,Onalabs,onalabs,email_to_subscribers,high,False,onalabs,icfo,,False,True,False,True,True
'Anticovid Technologies Day_2025-04-25_09-21'.xls,Anticovid Technologies Day,html_table_0,read_html_from_xls,62,Martí,Calvet,Martí Calvet,marticalvet,mcalvet@leitat.org,mcalvetleitatorg,Leitat,leitat,Researcher,937882300,no,,,,registration,mcalvet@leitat.org,marticalvet,leitat,,suscriptores_normalized,Martí Calvet,mcalvet@leitat.org,Leitat Chile,leitatchile,email_to_subscribers,high,False,leitatchile,leitat,,False,True,False,True,True
'Anticovid Technologies Day_2025-04-25_09-21'.xls,Anticovid Technologies Day,html_table_0,read_html_from_xls,63,Toni,Meseguer,Toni Meseguer,tonimeseguer,ameseguer@leitat.org,ameseguerleitatorg,Leitat,leitat,Investigador Principal,937882300,no,,,,registration,ameseguer@leitat.org,tonimeseguer,leitat,,suscriptores_normalized,Toni Meseguer,ameseguer@leitat.org,Leitat Chile,leitatchile,email_to_subscribers,high,False,leitatchile,leitat,,False,True,False,True,True
'Aplicaciones de la Luz para la Industria Aeroespacial_2025-04-25_11-02'.xls,Aplicaciones de la Luz para la Industria Aeroespacial,html_table_0,read_html_from_xls,0,Demetrio,Lopez Molina,Demetrio Lopez Molina,demetriolopezmolina,demetrio.lopez@altertechnology.com,demetriolopezaltertechnologycom,ALTER TECHNOLOGY,altertechnology,Director Innovación,627495711,,,,Puede que asista otra persona en mi lugar por problemas de agenda,registration,demetrio.lopez@altertechnology.com,demetriolopezmolina,altertechnology,,suscriptores_normalized,Demetrio López Molina,dlopezmolina@gmail.com,Jubilado (Ex-Alter Technology),jubiladoexaltertechnology,full_name_to_subscribers,medium,False,jubiladoexaltertechnology,altertechnology,,False,True,False,True,True
'Deep Tech for Smart Agriculture_2025-04-25_09-46'.xls,Deep Tech for Smart Agriculture,html_table_0,read_html_from_xls,100,manuel,loureiro,manuel loureiro,manuelloureiro,mloureiro@hamamatsu.es,mloureirohamamatsues,Hamamatsu Photonics,hamamatsuphotonics,sales,+351 919113465,,,,,registration,mloureiro@hamamatsu.es,manuelloureiro,hamamatsuphotonics,,suscriptores_normalized,Manuel Loureiro,mloureiro@hamamatsu.es,hpbe,hpbe,email_to_subscribers,high,False,hpbe,hamamatsuphotonics,,False,True,False,True,True
'Deep Tech for Sustainable Packaging_2025-04-25_09-33'.xls,Deep Tech for Sustainable Packaging,html_table_0,read_html_from_xls,37,Fernando,Gordillo,Fernando Gordillo,fernandogordillo,fernando.gordillo@hp.com,fernandogordillohpcom,HP,hp,EMEA Flexible Packaging business development and L&P Sustainability Lead,637721980,,,,"I applied yesterday, received confirmation email but empty, no info to join. Please send it.",registration,fernando.gordillo@hp.com,fernandogordillo,hp,,suscriptores_normalized,Fernando Gordillo,fernando.gordillo@hp.com,HP Indigo,hpindigo,email_to_subscribers,high,False,hpindigo,hp,,False,True,False,True,True
'Deep tech para tratamiento de agua_2025-04-25_10-06'.xls,Deep tech para tratamiento de agua,html_table_0,read_html_from_xls,42,Laura,García Hernández,Laura García Hernández,lauragarciahernandez,laura.mariagarcia@arcelormittal.com,lauramariagarciaarcelormittalcom,ArcelorMittal,arcelormittal,Researcher,625639277,,16809,16809,,registration,laura.mariagarcia@arcelormittal.com,lauragarciahernandez,arcelormittal,16809,suscriptores_normalized,Laura Garcia Hernandez,laura.garcia@room2030.com,ROOM2030,room2030,full_name_to_subscribers,medium,False,room2030,arcelormittal,16809,False,True,False,True,True
'Deep tech para tratamiento de agua_2025-04-25_10-06'.xls,Deep tech para tratamiento de agua,html_table_0,read_html_from_xls,44,Carlos,Blanco,Carlos Blanco,carlosblanco,carlos.blanco@arcelormittal.com,carlosblancoarcelormittalcom,ArcelorMittal,arcelormittal,Invertigador,659301366,,16809,16809,,registration,carlos.blanco@arcelormittal.com,carlosblanco,arcelormittal,16809,members_normalized,Carlos Blanco,cblanco@sensia-solutions.com,Sensia Solutions,sensiasolutions,full_name_to_members,medium,False,sensiasolutions,arcelormittal,16809,False,True,False,True,True
'Deep tech para tratamiento de agua_2025-04-25_10-06'.xls,Deep tech para tratamiento de agua,html_table_0,read_html_from_xls,78,Alfredo,Ongaro,Alfredo Ongaro,alfredoongaro,alfredo.ongaro@icfo.eu,alfredoongaroicfoeu,ICFO,icfo,attendant,935542230,,215,215,,registration,alfredo.ongaro@icfo.eu,alfredoongaro,icfo,215,suscriptores_normalized,Alfredo Edoardo Ongaro,alfredo.ongaro@icfo.eu,Onalabs,onalabs,email_to_subscribers,high,False,onalabs,icfo,215,False,True,False,True,True
